0	Aaltonen, Peter	Peter Aaltonen
1	Abbott, Ben	Ben Abbott
2	Abdelhak, Sherine	Sherine Abdelhak
3	Abualkibash, Munther	Munther Abualkibash
4	Ace, Tom	Tom Ace
5	Acevedo-Aviles, Joel	Joel Acevedo-Aviles
6	Acharya, Raj	Raj Acharya
7	Agarwal, Anant	Anant Agarwal
8	Agarwal, Ankur	Ankur Agarwal
9	Agarwal, Virat	Virat Agarwal
10	Aggarwal, Varun	Varun Aggarwal
11	Aggarwal, Vikas	Vikas Aggarwal
12	Aguilar, Max	Max Aguilar
13	Ahalt, Stanley	Stan Ahalt|Stanley Ahalt
14	Ahern, Sean	Sean Ahern
15	Ahlander, Anders	Anders Ahlander
16	Ahmad, Masab	Masab Ahmad
17	Ahmed, Khadeer	Khadeer Ahmed
18	Ahmed, Nesreen K.	Nesreen K. Ahmed
19	Ahrens, Christine	Christine Ahrens
20	Aichinger, Barbara	Barbara Aichinger
21	Akella, Sreesa	Sreesa Akella
22	Akella, Venkatesh	Venkatesh Akella
23	Akgul, Bilge	Bilge Akgul
24	Akin, Berkin	Berkin Akin
25	Akselrod, Polina	Polina Akselrod
26	Al-Saffar, Sinan	Sinan Al-Saffar
27	Alaghband, Gita	Gita Alaghband
28	Alam, Sadaf	Sadaf Alam
29	Albert, Curt	Curt Albert
30	Alexander, David	David Alexander
31	Alexander, Matthew	Matt Alexander|Matthew Alexander
32	Ali, Murtaza	M. Ali|Murtaza Ali
33	Amarasinghe, Saman	Saman Amarasinghe
34	Amduka, Mohammed	Mohammed Amduka
35	Amidon, Peter	Peter Amidon
36	Ananian, C. Scott	C. Scott Ananian
37	Anantha, Vera	Vera Anantha
38	Anderson, Christian	Christian Anderson
39	Anderson, James C.	James C. Anderson
40	Anderson, Ross	Ross Anderson
41	Anderson, Thomas	T. Anderson|Thomas Anderson
42	Andraka, Raymond	Raymond Andraka
43	Appling, Scott	Scott Appling
44	Arcand, William	Bill Arcand|W. Arcand|William Arcand
45	Arce-Nazario, Rafael	Rafael Arce-Nazario
46	Areno, Matthew	Matthew Areno
47	Armstrong, Rob	Rob Armstrong
48	Arturov, Konstantin	Konstantin Arturov
49	Artz, Ray	Ray Artz
50	Arvind, 	Arvind
51	Asanovic, Krste	Krste Asanovic
52	Astala, Roope	Roope Astala
53	Astrom, Anders	Anders Astrom
54	Asvija, B.	B. Asvija
55	Atwater, Brad	Brad Atwater
56	AuYeung, Michael	Michael AuYeung
57	Averill, Daniel	Daniel Averill
58	Ayrignac, Renaud	Renaud Ayrignac
59	Backues, Mark	Mark Backues
60	Bacon, Fred	Fred Bacon
61	Bader, David A.	D. A. Bader|David Bader|David A. Bader
62	Badics, Z.	Z. Badics
63	Bahar, R. Iris	R. Iris Bahar
64	Bahargam, Sanaz	Sanaz Bahargam
65	Bailie, Scott	Scott Bailie
66	Baker, Brad	Brad Baker
67	Baker, Zachary	Zachary Baker
68	Bakos, Jason D.	Jason D. Bakos
69	Bakshi, Amol	Amol Bakshi
70	Balaji, V.	V. Balaji
71	Baldwin, A. Taylor	A. Taylor Baldwin
72	Balster, Eric	Eric Balster
73	Bambha, Neal	Neal Bambha
74	Bamell, Mark	Mark Bamell
75	Banglore, Puri	Puri Banglore
76	Bannon, Pete	Pete Bannon
77	Banton, Randy	Randy Banton
78	Bapty, Theodore	Theodore Bapty
79	Baranski, Tomasz	Tomasz Baranski
80	Barbieri, Larry	Larry Barbieri
81	Bardhan, Jaydeep P.	Jaydeep P. Bardhan
82	Bardouleau, Graham	Graham Bardouleau
83	Barnell, Mark	Mark Barnell
84	Barnes, Kerry	Kerry Barnes
85	Barrett, Richard	Richard Barrett
86	Bash, Stephen	Stephen Bash
87	Basili, Victor	Victor Basili
88	Baskaran, Muthu	M. Baskaran|Muthu Baskaran
89	Bastoul, Cédric	Cédric Bastoul
90	Battat, James B. R.	James B. R. Battat
91	Batten, Christopher	Christopher Batten
92	Bauman, Alexander	Alexander Bauman
93	Bayati, Mahsa	Mahsa Bayati
94	Bayoumi, Magdy	Magdy Bayoumi
95	Beamer, Scott	Scott Beamer
96	Beard, M. S.	M. S. Beard
97	Beaucamps, Pierre-Edouard	Pierre-Edouard Beaucamps
98	Beckmann, Bradford M.	Bradford M. Beckmann
99	Beckwith, Bill	Bill Beckwith
100	Bekirov, Birol	Birol Bekirov
101	Belanovic, Pavle	Pavle Belanovic
102	Bell, Ron	Ron Bell
103	Beltran, Vicenç	Vicenç Beltran
104	Benincasa, Milissa	Milissa Benincasa
105	Bennett, Dave	Dave Bennett
106	Bennett, Rex	Rex Bennett
107	Bennis, Abderrahmane	Abderrahmane Bennis
108	Benson, Thomas M.	Thomas M. Benson
109	Bent, John	John Bent
110	Berger, Christian	Christian Berger
111	Bergeron, Bill	B. Bergeron|Bill Bergeron
112	Bergin, Jameson	Jameson Bergin
113	Bergman, Keren	Keren Bergman
114	Bergmann, Jules	Jules Bergmann
115	Bernau, Christoph	Christoph Bernau
116	Bernholdt, David	David Bernholdt
117	Berry, Jonathan W.	Jon Berry|Jonathan W. Berry
118	Besler, Rich	Rich Besler
119	Bestavros, Azer	Azer Bestavros
120	Bestor, David	D. Bestor|David Bestor
121	Bezanson, Jeff	Jeff Bezanson
122	Bhardwaj, Asheesh	Asheesh Bhardwaj
123	Bhattacharya, Tanmoy	Tanmoy Bhattacharya
124	Bhattacharyya, Shuvra	Shuvra Bhattacharyya
125	Bhimani, Janki	Janki Bhimani
126	Bhowmick, Sanjukta	Sanjukta Bhowmick
127	Bibeau, Jeffrey	Jeffrey Bibeau
128	Biberman, Aleksandr	Aleksandr Biberman
129	Bicer, S. Murat	S. Murat Bicer
130	Billings, Jay Jay	Jay Jay Billings
131	Bisson, Mauro	Mauro Bisson
132	Blanc, Jérôme	Jérôme Blanc
133	Blanton, Brian	Brian Blanton
134	Blau, Robert	Robert Blau
135	Bliss, Daniel	Daniel Bliss
136	Bliss, Nadya Travinin	N. T. Bliss|Nadya Bliss|Nadya Travinin Bliss
137	Block, Gary	Gary Block
138	Bloom, David	David Bloom
139	Bloomfield, John	John Bloomfield
140	Blough, Douglas	Douglas Blough
141	Bockenbach, Olivier	Olivier Bockenbach
142	Boe, David	David Boe
143	Boettcher, Peter	Peter Boettcher
144	Bogdanowicz, Julius	Julius Bogdanowicz
145	Boggio, Lisandro	Lisandro Boggio
146	Bohm, Wim	Wim Bohm
147	Bohman, Tom	Tom Bohman
148	Bojanczyk, Adam	Adam Bojanczyk
149	Bolstad, Andrew K.	Andrew Bolstad|Andrew K. Bolstad
150	Boman, Erik G.	Erik G. Boman
151	Bombieri, Nicola	Nicola Bombieri
152	Bonato, Michael	Michael Bonato
153	Bond, Nigel	Nigel Bond
154	Bond, Robert	Robert Bond
155	Bonetto, Laurent	Laurent Bonetto
156	Bonn, J. P.	J. P. Bonn
157	Booth, Michael	Michael Booth
158	Bose, Bella	Bella Bose
159	Boughton, R. Scott	R. Scott Boughton
160	Bouzas, Brian	Brian Bouzas
161	Bowen, Chris	Chris Bowen
162	Boyd, M.	M. Boyd
163	Bradford, Kira	Kira Bradford
164	Bradley, Perry	Perry Bradley
165	Brady, David	David Brady
166	Braganza, Sherman	Sherman Braganza
167	Brantner-Magee, Kieran	Kieran Brantner-Magee
168	Brassaw, Diane	Diane Brassaw
169	Bratt, Ian	Ian Bratt
170	Brattain, Laura	Laura Brattain
171	Braun, Hans-Werner	Hans-Werner Braun
172	Braunreiter, Dennis	Dennis Braunreiter
173	Brayford, David	David Brayford
174	Bremer, David	David Bremer
175	Brewster, Adam	Adam Brewster
176	Brightwell, Ron	Ron Brightwell
177	Brinkmann, Mike	Mike Brinkmann
178	Briscoe, Erica	Erica Briscoe
179	Britt, Keith A.	Keith A. Britt
180	Britton, M.	M. Britton
181	Broadbent, John	John Broadbent
182	Brock, Benjamin	Benjamin Brock
183	Brock, James	James Brock
184	Brockman, Jay B.	Jay Brockman|Jay B. Brockman
185	Brodie, Benjamin	Benjamin Brodie
186	Bronowicz, Pete	Pete Bronowicz
187	Brooks, Dana	Dana Brooks
188	Brooks, David	David Brooks
189	Brooks, Richard	Richard Brooks
190	Brownfield, David	David Brownfield
191	Bruce, Robin	Robin Bruce
192	Brunina, Daniel	Daniel Brunina
193	Bruno, Paul	Paul Bruno
194	Bruns-Smith, David	David Bruns-Smith
195	Buckley, James	James Buckley
196	Budimlić, Zoran	Zoran Budimlić
197	Budlong, Brad	Brad Budlong
198	Bueno, David	David Bueno
199	Buhler, Jeremy	Jeremy Buhler
200	Bui, Bach D.	Bach D. Bui
201	Bui, Peter	Peter Bui
202	Buley, Ben	Ben Buley
203	Buluc, Aydin	Aydin Buluc|Aydin Buluç
204	Bulugioiu, Mihnea	Mihnea Bulugioiu
205	Burke, Marc	Marc Burke
206	Burke, Monica	Monica Burke
207	Burkhardt, Paul	Paul Burkhardt
208	Burkholder, Matthew	Matthew Burkholder
209	Busato, Federico	Federico Busato
210	Bush, Lawrence	Lawrence Bush
211	Buskens, Rick	Rick Buskens
212	Butts, Michael	Michael Butts
213	Buxa, Peter	Peter Buxa
214	Byun, Chansup	Chansup Byun
215	Caccamo, Marco	Marco Caccamo
216	Cai, Jonathon	Jonathon Cai
217	Cain, Kenneth Jr.	Ken Cain|Kenneth Cain|Kenneth Cain Jr.
218	Caldwell, Jeffrey	Jeffrey Caldwell
219	Calhoun, David M.	David M. Calhoun
220	Caliga, David	David Caliga
221	Calise, Mike	Mike Calise
222	Callahan, David	David Callahan
223	Calloway, Chris	Chris Calloway
224	Calvo, Jose Borreguero	Jose Borreguero Calvo
225	Camacho, Juan Antonio Villalba	Juan Camacho|Juan Antonio Villalba Camacho
226	Cameron, Ken	Ken Cameron
227	Cameron, Kirk	Kirk Cameron
228	Campagna, Dave	Dave Campagna
229	Campbell, Daniel	Dan Campbell|Daniel Campbell
230	Campbell, David	David Campbell
231	Campbell, Newton	Newton Campbell
232	Campos, Pedro	Pedro Campos
233	Cao, Yu	Yu Cao
234	Capraro, Christopher	Christopher Capraro
235	Card, Chris	Chris Card
236	Carloni, Luca P.	Luca Carloni|Luca P. Carloni
237	Carlos, John Don	John Don Carlos
238	Carlston, Peter	Peter Carlston
239	Carpman, David	David Carpman
240	Carr, R.	R. Carr
241	Carriero, Nicholas	Nicholas Carriero
242	Carson, William	William Carson
243	Cartolano, Anthony	Anthony Cartolano
244	Case, Peter	Peter Case
245	Castañeyra, Ricardo	Ricardo Castañeyra
246	Castellano, Cosmo	Cosmo Castellano
247	Castillo, Claris	Claris Castillo
248	Cavé, Vincent	Vincent Cavé
249	Cañedo, Janice	Janice Cañedo
250	Cecka, Cris	Cris Cecka
251	Cerna, Michael	Michael Cerna
252	Cesear, Thomas	Thomas Cesear
253	Chacko, James	James Chacko
254	Chaisemartin, Nicolas Morey	Nicolas Morey Chaisemartin
255	Chakrapani, Lakshmi	Lakshmi Chakrapani
256	Chalker, Alan	Alan Chalker
257	Chamberlain, Roger	Roger Chamberlain
258	Champigny, Michael	Michael Champigny
259	Chan, Aubrey	Aubrey Chan
260	Chan, Cy	Cy Chan
261	Chan, Hector	Hector Chan
262	Chan, Johnnie	Johnnie Chan
263	Chang, Lawrence	Lawrence Chang
264	Chang, Nicholas	Nicholas Chang
265	Channell, Charles	Charles Channell
266	Chao, Alan	Alan Chao
267	Chapin, John	John Chapin
268	Chapman, M.	M. Chapman
269	Chase, Brian	Brian Chase
270	Chatterjee, Sanjay	Sanjay Chatterjee
271	Chattopadhyay, Ashesh	Ashesh Chattopadhyay
272	Chaudhuri, Rabi	Rabi Chaudhuri
273	Chaves, Juan Carlos	Juan Carlos Chaves
274	Che, Shuai	Shuai Che
275	Chee, B.	B. Chee
276	Chellappa, Srinivas	Srinivas Chellappa
277	Chelmis, Charalampos	Charalampos Chelmis
278	Chen, Alexander	Alexander Chen
279	Chen, Lianmu	Lianmu Chen
280	Chen, Michael	Michael Chen
281	Chen, Peinan	Peinan Chen
282	Chen, Ping	Ping Chen
283	Chen, Ren	Ren Chen
284	Chen, Show-Yah Stuart	Show-Yah Stuart Chen
285	Chen, Tsuhan	Tsuhan Chen
286	Chen, Wang	Wang Chen
287	Chen, Xuzhou	Xuzhou Chen
288	Chen, Yiran	Yiran Chen
289	Chen, Yu-An	Yu-An Chen
290	Chen, Zhilu	Zhilu Chen
291	Cheng, David	David Cheng
292	Cheng, Lin	Lin Cheng
293	Cheung, Colman	Colman Cheung
294	Chew, Yen Hsiang	Yen Hsiang Chew
295	Chien, Andrew A.	Andrew A. Chien
296	Chin, Henry	Henry Chin
297	Chiou, Stefanie	Stefanie Chiou
298	Chiricescu, Silviu	Silviu Chiricescu
299	Chiu, Andrew	Andrew Chiu
300	Chiu, Matt	Matt Chiu
301	Chivukula, Deepti K.	Deepti K. Chivukula
302	Cho, Hyunsu	Hyunsu Cho
303	Cho, Peter	Peter Cho
304	Choi, Charles	Charles Choi
305	Choi, Heejin	Heejin Choi
306	Choi, Seonil	Seonil Choi
307	Chow, Edward	Edward Chow
308	Chowdhury, Kaushik	Kaushik Chowdhury
309	Choy, Ron	Ron Choy
310	Christensen, Fred	Fred Christensen
311	Chuffart, Vincent	Vincent Chuffart
312	Chung, Kwanghun	Kwanghun Chung
313	Cico, Luke	Luke Cico
314	Ciesko, Jan	Jan Ciesko
315	Clancy, P.	P. Clancy
316	Clark, J. Matt	J. Matt Clark
317	Clark, Matthew	Mathew Clark|Matt Clark|Matthew Clark
318	Cledat, Romain	Romain Cledat
319	Cohen, Jonathan	Jonathan Cohen
320	Colangelo, Philip	Philip Colangelo
321	Collins, Rebecca	Rebecca Collins
322	Colon-Hernandez, Pedro	Pedro Colon-Hernandez
323	Commike, Alan	A. Commike|Alan Commike
324	Conger, Chris	Chris Conger
325	Conte, Thomas M.	Thomas M. Conte
326	Conti, Albert	Albert Conti
327	Conway, Mike	Mike Conway
328	Cook, Daniel	Daniel Cook
329	Cook, Jeanine	Jeanine Cook
330	Cook, Joseph	Joe Cook|Joseph Cook
331	Cook, Tristan	Tristan Cook
332	Cooper, Robert	Robert Cooper
333	Copeland, Andrew	Andrew Copeland
334	Coposky, Jason	Jason Coposky
335	Corbett, Peter	Peter Corbett
336	Corda, Benoit	Benoit Corda
337	Cordes, Aaron	Aaron Cordes
338	Cordes, Benjamin	Ben Cordes|Benjamin Cordes
339	Cordova, Luis	Luis Cordova
340	Corretjer, Ivan	Ivan Corretjer
341	Cortese, John A.	John A. Cortese
342	Coskun, Ayse Kivilcim	Ayse Coskun|Ayse K. Coskun|Ayse Kivilcim Coskun
343	Cottel, Dennis	Dennis Cottel|Dennis Cottell
344	Courtney, Martin	Martin Courtney
345	Cousins, David Bruce	D. B. Cousins|David Cousins|David Bruce Cousins
346	Couvert, Patrice	Patrice Couvert
347	Coxson, Gregory E.	Gregory E. Coxson
348	Crago, Stephen P.	Stephen Crago|Stephen P. Crago|Steve Crago
349	Craven, Matthew	Matthew Craven
350	Crawford, Carl	Carl Crawford
351	Crawford, Catherine H.	Catherine H. Crawford
352	Cristau, Gerard	Gerard Cristau
353	Crocker, Jim	Jim Crocker
354	Crowley, Patrick	Patrick Crowley
355	Cruz, C.	C. Cruz
356	Cuccaro, Dennis	Dennis Cuccaro
357	Cui, Tao	Tao Cui
358	Culhane, Candace	Candace Culhane
359	Culpepper, Edwin	Edwin Culpepper
360	Culurciello, Eugenio	Eugenio Culurciello
361	Cump, Charlie	Charlie Cump
362	Cunningham, Robert K.	Robert K. Cunningham
363	Currie, Tim	Tim Currie
364	Curry, Matthew	Matthew Curry
365	Cytron, Ron	Ron Cytron
366	Czako, Ferenc	Ferenc Czako
367	Czubak, Angela	Angela Czubak
368	Dagenais, Michel R.	Michel R. Dagenais
369	Dahir, Nizar	Nizar Dahir
370	Dahl, Edward	Edward Dahl
371	Dahlstrom, Jason	Jason Dahlstrom
372	Dai, Wei	Wei Dai
373	Dakshinamurthy, Amruth	Amruth Dakshinamurthy
374	Dalessandro, Dennis	Dennis Dalessandro
375	Daly, Jim	Jim Daly
376	Daly, Kristin	Kristin Daly
377	Dandass, Yoginder	Yoginder Dandass
378	Dandekar, Kapil	Kapil Dandekar
379	Daniel, Erik	Erik Daniel
380	Daniel, Souza	Souza Daniel
381	Dannoritzer, Guenter	Guenter Dannoritzer
382	Daoud, Houssem	Houssem Daoud
383	Dashofy, Eric	Eric Dashofy
384	Dasu, Aravind	Aravind Dasu
385	Datar, Manasi	Manasi Datar
386	Date, Ketan	Ketan Date
387	David, Aubin	Aubin David
388	Davidoff, Drew	Drew Davidoff
389	Davis, Eli	Eli Davis
390	Davis, Jesse	Jesse Davis
391	Davis, Mike	Mike Davis
392	Davis, Nolan	Nolan Davis
393	Davis, Paul	Paul Davis
394	Davis, Shelby	Shelby Davis
395	DeAlwis, Varuna	Varuna DeAlwis
396	DeBenedictis, Erik P.	Erik P. DeBenedictis
397	DeHon, André	André DeHon
398	DeLuca, Cecelia	Cecelia DeLuca
399	DeMatteis, J.	J. DeMatteis
400	Dean, Tony	Tony Dean
401	Deaton, Sean	Sean Deaton
402	Dechev, Damian	Damian Dechev
403	Deelman, Ewa	Ewa Deelman
404	Delves, Mike	Mike Delves
405	Demers, Robert	Robert Demers
406	Deming, Ross	Ross Deming
407	Dempsey, Gregory	Gregory Dempsey
408	Derlery, Andreas	Andreas Derlery
409	Desai, Avinash	Avinash Desai
410	Desrochers, Michael	Michael Desrochers
411	Deutschbein, Calvin	Calvin Deutschbein
412	Devadas, Srinivas	Srinivas Devadas
413	Deveci, Mehmet	Mehmet Deveci
414	Devlin, Malachy	Malachy Devlin
415	Devulapalli, Ananth	Ananth Devulapalli
416	Dezan, Catherine	Catherine Dezan
417	Dicastillo, Miguel del	Miguel del Dicastillo
418	Dijk, Marten van	Marten van Dijk
419	Dillon, Tom	Tom Dillon
420	Dimitrov, Rossen	Rossen Dimitrov
421	Diniz, Pedro C.	Pedro C. Diniz
422	Dodson, Stephanie	Stephanie Dodson
423	Doering, Robert	Robert Doering
424	Doerr, M.	M. Doerr
425	Doncker, Elise de	Elise de Doncker
426	Dongarra, Jack	J. Dongarra|Jack Dongarra|Prof. Jack Dongarra
427	Donofrio, David	David Donofrio
428	Doroz, Yarkin	Yarkın Doröz
429	Doss, Nathan	Nathan Doss
430	Doud, Robert	Robert Doud
431	Dragone, Rocco	Rocco Dragone
432	Draper, Jeff	Jeff Draper
433	Duchaineau, Mark	Mark Duchaineau
434	Duggan, Jennie	Jennie Duggan
435	Dundar, Aysegul	Aysegul Dundar
436	Dunham, Mark	Mark Dunham
437	Dunlavy, Daniel M.	Daniel M. Dunlavy
438	Dunn, Eric	Eric Dunn
439	Dunn, Ian	Ian Dunn
440	Dunne, Edward	Edward Dunne
441	Duren, Russ	Russ Duren
442	Dysart, Timothy J.	Timothy J. Dysart
443	Dziedzic, Adam	Adam Dziedzic
444	D’Alberto, Paolo	Paolo D’Alberto
445	Eakman, Gregory	Gregory Eakman
446	Eames, Brandon	Brandon Eames
447	Edelman, Alan	Alan Edelman
448	Ediger, David	D. Ediger|David Ediger
449	Edwards, Glen	Glen Edwards
450	Edwards, H. Carter	H. Carter Edwards
451	Edwards, J. Marc	J. Marc Edwards
452	Edwards, Jonathan	Jonathan Edwards
453	Edwards, Lauren	Lauren Edwards
454	Egele, Manuel	Manuel Egele
455	Eibl, Patrick	Patrick Eibl
456	Eichinger, George III	George Eichinger III
457	Einfalt, Bruce	Bruce Einfalt
458	Ellcessor, Larry	Larry Ellcessor
459	Elmore, Aaron J.	Aaron Elmore|Aaron J. Elmore
460	Elton, Bracy	Bracy Elton
461	Emberley, Thomas	Thomas Emberley|Tom Emberley
462	Emeny, Sue	Sue Emeny
463	Eng, Karen	Karen Eng
464	Eng, Marsha	Marsha Eng
465	Engelmann, Christian	Christian Engelmann
466	Ennis, Ford	Ford Ennis
467	Enright, Douglas	Douglas Enright
468	Erb, David	David Erb
469	Ericson, Michael N.	Michael N. Ericson
470	Eskowitz, Michael	Michael Eskowitz
471	Evancich, N.	N. Evancich
472	Evans, Joseph	Joseph Evans
473	Ewy, Benjamin	Benjamin Ewy
474	Eyerman, Stijn	Stijn Eyerman
475	Ezick, James	James Ezick
476	Ezzati-jivan, Naser	Naser Ezzati-jivan
477	Fairbanks, James P.	James P. Fairbanks
478	Fakhry, Carl Tony	Carl Tony Fakhry
479	Faloutsos, Christos	Christos Faloutsos
480	Fang, Fang	Fang Fang
481	Fang, Xin	Xin Fang
482	Fanous, Brian	Brian Fanous
483	Farabaugh, Bert	Bert Farabaugh
484	Farabet, Clément	Clément Farabet
485	Fatica, Massimiliano	Massimiliano Fatica
486	Fayad, Diana	Diana Fayad
487	Fazekas, Joshua	Joshua Fazekas
488	Fedder, James	James Fedder
489	Feher, Ronald	Ronald Feher
490	Fehringer, Matthew	Matthew Fehringer
491	Fei, Yunsi	Yunsi Fei
492	Feldman, Steven	Steven Feldman
493	Feng, Keven	Keven Feng
494	Feo, John	John Feo
495	Fernandez, E. B.	E. B. Fernandez
496	Fernando, Joseph	Joseph Fernando
497	Few, Brian	Brian Few
498	Fields, Mitchell	Mitchell Fields
499	Fileggi, Larry	Larry Fileggi
500	Finnivan, Joseph	Joseph Finnivan
501	Fiore, Justin	Justin Fiore
502	Fisher, John III	John Fisher III
503	Fitzgerald, Dennis	Dennis Fitzgerald
504	Fitzharris, Michael	Michael Fitzharris
505	Flahive, Mary	Mary Flahive
506	Fletcher, Christopher W.	Christopher W. Fletcher
507	Fletcher, Duncan	Duncan Fletcher
508	Foley, J.	J. Foley
509	Fond, Timothy La	Timothy La Fond
510	Fontana, John	John Fontana
511	Ford, Robert	Robert Ford
512	Forsythe, Keith	Keith Forsythe
513	Foster, John	John Foster
514	Foti, Daniel	Daniel Foti
515	Fouts, Douglas	Douglas Fouts
516	Fox, James	James Fox
517	Fragalla, John	John Fragalla
518	Frampton, Keith	Keith Frampton
519	Franchetti, Franz	F. Franchetti|Franz Franchetti
520	Frank, Randall	Randall Frank
521	Franklin, Mark	Mark Franklin
522	Freeman, John	John Freeman
523	French, David	David French
524	French, Joseph	Joseph French
525	French, Matthew	Matthew French
526	Fridrich, Ty	Ty Fridrich
527	Fried, Stephen	Stephen Fried
528	Friedman, Scott	Scott Friedman
529	Friedmann, Amon	Amon Friedmann
530	Frigo, Jan	Jan Frigo
531	Frigo, Matteo	Matteo Frigo
532	Frincu, Marc	Marc Frincu
533	Frisch, Robert	Robert Frisch
534	Fritts, Jason	Jason Fritts
535	Fritz, Jason	Jason Fritz
536	Fryman, Joshua	Josh Fryman|Joshua Fryman
537	Fröning, Holger	Holger Fröning
538	Fuchs, Adam	Adam Fuchs
539	Fuhrmann, Daniel	Daniel Fuhrmann
540	Funk, Andrew	Andrew Funk|Andy Funk
541	Furber, Steve	Steve Furber
542	Furtek, Jeremy	Jeremy Furtek
543	Furtney, Mark	Mark Furtney
544	Gacic, Aca	Aca Gacic
545	Gadepally, Vijay	Vijay Gadepally
546	Gala, Charles	Charles Gala
547	Gale, Jeremiah	Jeremiah Gale
548	Gallagher, Robert	Robert Gallagher
549	Ganev, Ivan	Ivan Ganev
550	Ganne, Benoit	Benoit Ganne
551	Gao, Yang	Yang Gao
552	Gardiner, Judith	Judith Gardiner
553	Gardner, Gary	Gary Gardner
554	Garrett, Albert	Albert Garrett
555	Garrett, Charles	Charles Garrett
556	Gavin, Brendan	Brendan Gavin
557	Gay, Michael	Michael Gay
558	Gayen, Saurabh	Saurabh Gayen
559	Geaghan, Scott	Scott Geaghan
560	Gehm, Michael	Michael Gehm
561	Geis, Michael	Michael Geis
562	Gelernter, David	David Gelernter
563	Gentile, Richard	Richard Gentile|Rick Gentile
564	George, Alan D.	A. D. George|Alan George|Alan D. George
565	Geraci, James	James Geraci
566	Germann, Joseph	Joseph Germann
567	Gettings, Karen M. G. V.	Karen Gettings|Karen M. G. V. Gettings
568	Ghalwash, Haitham	Haitham Ghalwash
569	Ghiasi, Soheil	Soheil Ghiasi
570	Ghosh, Soumik	Soumik Ghosh
571	Giering, Michael	Michael Giering
572	Gilbert, Barry	Barry Gilbert
573	Gilbert, John	John Gilbert
574	Gill, Christopher	Christopher Gill
575	Giner, Joan Puig	Joan Puig Giner
576	Glaser, Eliot	Eliot Glaser
577	Glass, Kimberly	Kimberly Glass
578	Gleyzer, Vitaliy	Vitaliy Gleyzer
579	Goenaga, Miguel	Miguel Goenaga
580	Gokhale, Aniruddha	Aniruddha Gokhale
581	Gokhale, Maya	Maya Gokhale
582	Gokhale, Vinayak	Vinayak Gokhale
583	Golusky, John	John Golusky
584	Gomez, Kevin	Kevin Gomez
585	Gonzalez, Carlos	Carlos González
586	Gonzalez, Joseph	Joseph Gonzalez
587	Goodman, Joel	Joel Goodman
588	Gordon, Lindsay	Lindsay Gordon
589	Gordon, Michael	Michael Gordon
590	Gorham, LeRoy	LeRoy Gorham
591	Gosrani, Kunal	Kunal Gosrani
592	Goswami, Monojoy	Monojoy Goswami
593	Govindaraju, Naga	Naga Govindaraju
594	Govindu, Gokul	Gokul Govindu
595	Grabowski, Jessie	Jessie Grabowski
596	Graf, Tobias	Tobias Graf
597	Graham, Paul	Paul Graham
598	Granacki, John	John Granacki
599	Granger, Brian	Brian Granger
600	Green, Oded	Oded Green
601	Greene, Jonathan	Jon Greene|Jonathan Greene
602	Griffiths, Graham	Graham Griffiths
603	Grobelny, Eric	Eric Grobelny
604	Grodowitz, M.L.	M.L. Grodowitz
605	Grossmann, Peter	Peter Grossmann
606	Grout, Ian	Ian Grout
607	Groves, Gillian	Gillian Groves
608	Gu, Yongfeng	Yongfeng Gu
609	Guan, Hang	Hang Guan
610	Guglielmo, Giuseppe Di	Giuseppe Di Guglielmo
611	Guidry, Michael	Michael Guidry
612	Guillen, Carla	Carla Guillen
613	Guillon, Benoît	Benoît Guillon
614	Gundala, Padma	Padma Gundala
615	Guney, Murat	Murat Guney
616	Guo, Qi	Qi Guo
617	Guo, Yue	Yue Guo
618	Gupta, Ankush M.	Ankush M. Gupta
619	Gupta, Kshitij	Kshitij Gupta
620	Gupta, Rajan	Rajan Gupta
621	Gyimothy, S.	S. Gyimothy
622	Hadzikadic, Mirsad	Mirsad Hadzikadic
623	Haidar, Azzam	Azzam Haidar
624	Halappanavar, Mahantesh	Mahantesh Halappanavar
625	Hall, Giles	Giles Hall
626	Hamilton, Robert	Robert Hamilton
627	Hamlin, Ariel	Ariel Hamlin
628	Hammes, Jeff	Jeff Hammes
629	Hammond, Simon D.	Simon D. Hammond
630	Han, Sunggeun	Sunggeun Han
631	Hancock, Braden	Braden Hancock
632	Hanes, Mark	Mark Hanes
633	Haney, Ryan	Ryan Haney
634	Haney, Wayne	Wayne Haney
635	Hankendi, Can	Can Hankendi
636	Hansen, Todd	Todd Hansen
637	Harle, Christophe	Christophe Harle
638	Harold, Neil	Neil Harold
639	Harrington, Scott	Scott Harrington
640	Harris, Jeffrey	Jeffrey Harris
641	Hartono, Albert	Albert Hartono
642	Harvey, Joann	Joann Harvey
643	Hauck, Matthias	Matthias Hauck
644	Haupt, James	James Haupt
645	Hauser, Thomas	Thomas Hauser
646	Haynes, Brandon	Brandon Haynes
647	He, Lu	Lu He
648	Healy, Dennis	Dennis Healy
649	Hebert, Louis	Louis Hebert
650	Heckerling, Andrew	Andrew Heckerling
651	Hein, Carl	Carl Hein
652	Hein, Eric R.	Eric R. Hein
653	Heistand, Steve	Steve Heistand
654	Held, James	James Held
655	Helfer, Brian	Brian Helfer
656	Helgemo, Dirk	Dirk Helgemo
657	Hemmeter, Eric	Eric Hemmeter
658	Hendrickson, Bruce	Bruce Hendrickson
659	Hendry, Gilbert	Gilbert Hendry
660	Hendry, Robert	Robert Hendry
661	Henretty, Tom	Tom Henretty
662	Hensley, Justin	Justin Hensley
663	Henson, Van Emden	Van Emden Henson
664	Herbordt, Martin C.	Martin Herbordt|Martin C. Herbordt
665	Herman, Matthew	Matthew Herman
666	Hernandez, Mark	Mark Hernandez
667	Hersey, Ryan K.	Ryan K. Hersey
668	Herzog, Jonathan	Jonathan Herzog
669	Hill, Chris	C. Hill|Chris Hill
670	Hill, Connie R.	Connie R. Hill
671	Ho, Nhut-Minh	Nhut-Minh Ho
672	Hoare, Raymond R.	Ray Hoare|Raymond Hoare|Raymond R. Hoare
673	Hochstein, Lorin	Lorin Hochstein
674	Hodson, Mark	Mark Hodson
675	Hoe, James C.	James Hoe|James C. Hoe
676	Hoffmann, Henry	Henry Hoffman|Hank Hoffmann|Henry Hoffmann
677	Holl, David	David Holl
678	Holland, John	John Holland
679	Holmes, David	David Holmes
680	Holvenstot, Peter	Peter Holvenstot
681	Holzrichter, M.	M. Holzrichter
682	Horn, W P	W P Horn
683	Horne, Mert	Mert Horne
684	Horner, Jeremy	Jeremy Horner
685	Horst, Albert	Albert Horst
686	Houle, Michael	Michael Houle
687	Howard, Kevin	Kevin Howard
688	Howard, Paul	Paul Howard
689	Howe, Bill	Bill Howe
690	Hsu, Chia-Jui	Chia-Jui Hsu
691	Hu, Jun	Jun Hu
692	Hu, Yang	Yang Hu
693	Hu, Yin	Yin Hu
694	Hu, Yusong	Yusong Hu
695	Huang, Chun-Hsi	Chun-Hsi Huang
696	Huang, H. Howie	H. Howie Huang
697	Huang, Randy	Randy Huang
698	Huang, Xinming	Xinming Huang
699	Huang, Yi-hua	Yi-hua Huang
700	Huangfu, Yijie	Yijie Huangfu
701	Hubbell, Matthew	M. Hubbell|Matt Hubbell|Matthew Hubbell
702	Hughes, Jeffrey	Jeff Hughes|Jeffrey Hughes
703	Hui, Yawei	Yawei Hui
704	Hukerikar, Saurabh	Saurabh Hukerikar
705	Hulbert, Christopher	Christopher Hulbert
706	Humble, Travis S.	Travis S. Humble
707	Humphrey, Laura	Laura Humphrey
708	Humphries, Ben	Ben Humphries
709	Hunziker, James	James Hunziker
710	Hur, Ibrahim	Ibrahim Hur
711	Hurley, Michael	Michael Hurley
712	Husbands, Parry	Parry Husbands
713	Hussong, Scott	Scott Hussong
714	Hutchison, Dylan	Dylan Hutchison
715	Hwu, Wen-Mei	Wen-Mei Hwu
716	Hymel, Ross	Ross Hymel
717	Iannarilli, Frank	Frank Iannarilli
718	Iaquinto, Mike	Mike Iaquinto|Mike laquinto
719	Idaszak, Ray	Ray Idaszak
720	Ide, Keisuke	Keisuke Ide
721	Iliopoulos, Alexandros-Stavros	Alexandros-Stavros Iliopoulos
722	Indeck, Ronald	Ronald Indeck
723	Inman, Jeff	Jeff Inman
724	Ionta, Bob	Bob Ionta
725	Iredell, M.	M. Iredell
726	Irizarry, Nazario	Nazario Irizarry
727	Irza, J.	J. Irza
728	Isenman, Jeff	Jeff Isenman
729	Isereau, Darrek	Darrek Isereau
730	Itu, Lucian Mihai	Lucian Itu|Lucian Mihai Itu
731	Jackson, Barry	Barry Jackson
732	Jackson, Preston	Preston Jackson
733	Jacob, R.	R. Jacob
734	Jacobs, Adam	Adam Jacobs
735	Jacquet, Francois	Francois Jacquet
736	Jaenicke, Richard	Richard Jaenicke
737	Jaffe, Ariel J.	Ariel J. Jaffe
738	Jagode, Heike	Heike Jagode
739	Jain, Ankit	Ankit Jain
740	James, Mark	Mark James
741	Jananthan, Hayden	Hayden Jananthan
742	Jann, Joefon	Joefon Jann
743	Jayaraj, Ajay	Ajay Jayaraj
744	Jelinek, Jan	Jan Jelinek
745	Jennings, Daniel	Daniel Jennings
746	Jensen, E. Douglas	E. Douglas Jensen
747	Jeong, Won-Ki	Won-Ki Jeong
748	Jervis, Mark	Mark Jervis
749	Jesus, Miguel de	Miguel de Jesus
750	Jiang, Hao	Hao Jiang
751	Jimenez, Manuel	Manuel Jiménez
752	Jin, Jianming	Jianming Jin
753	Jin, Jonghoon	Jonghoon Jin
754	Johansson, John	John Johansson
755	John, Peabody	Peabody John
756	Johnson, Ann	A. Johnson|Ann Johnson
757	Johnson, Jeremy	Jeremy Johnson
758	Johnson, John	John Johnson
759	Johnson, Luke	Luke Johnson
760	Jonathan, Kitchens	Kitchens Jonathan
761	Jones, Alex	Alex Jones
762	Jones, Eric	Eric Jones
763	Jones, Holger	Holger Jones
764	Jones, Michael	Michael Jones|Mike Jones
765	Jones, P.	P. Jones
766	Jones, Phillip	Phillip Jones
767	Jones, Samuel	Samuel Jones
768	Jones, Stephen	Stephen Jones
769	Jordan, Kirk	Kirk Jordan
770	Joshi, Ajay	Ajay Joshi
771	Judd, Randall	Randall Judd
772	Jun, Sang-Woo	Sang-Woo Jun
773	Jungwirth, Patrick W.	Patrick W. Jungwirth
774	Kabir, Humayun	Humayun Kabir
775	Kabir, Khairul	Khairul Kabir
776	Kadric, Edin	Edin Kadric
777	Kaeli, David	David Kaeli
778	Kahn, Crystal	Crystal Kahn
779	Kalbarczyk, Zbigniew	Zbigniew Kalbarczyk
780	Kalyanaraman, Ananth	Ananth Kalyanaraman
781	Kam, Brandon	Brandon Kam
782	Kamil, Shoaib	Shoaib Kamil
783	Kandasamy, Nagarajan	Nagarajan Kandasamy
784	Kandemir, Mahmut	Mahmut Kandemir
785	Kanevsky, Arkady	Arkady Kanevsky
786	Kanewala, Thejaka	Thejaka Kanewala
787	Kang, Dong-In	Dong-In Kang
788	Kang, Seunghwa	Seunghwa Kang
789	Kannan, Rajgopal	Rajgopal Kannan
790	Kao, Edward	Edward Kao
791	Kapenga, John	John Kapenga
792	Karimi, Seemeen	Seemeen Karimi
793	Karnopp, Roger	Roger Karnopp
794	Karpinski, Stefan	Stefan Karpinski
795	Karypis, George	George Karypis
796	Katz, Daniel	Daniel Katz
797	Keltcher, Paul	Paul Keltcher
798	Kenny, J. Ryan	J. Ryan Kenny
799	Kent, Jane	Jane Kent
800	Kepner, Jeremy	J. Kepner|Jeremy Kepner
801	Kerr, Andrew	Andrew Kerr
802	Keskin, Selcuk	Selcuk Keskin
803	Kessler, Dave	Dave Kessler
804	Keville, Kurt	Kurt Keville
805	Khan, Ashfaquzzaman	Ashfaq Khan|Ashfaquzzaman Khan
806	Khan, Imran	Imran Khan
807	Khan, Omer	Omer Khan
808	Khanna, Gaurav	Gaurav Khanna
809	Khazan, Roger	Roger Khazan
810	Khot, Parna	Parna Khot
811	Kidman, Justin	Justin Kidman
812	Kim, Euna	Euna Kim
813	Kim, Hahn	Hahn Kim
814	Kim, Hyunwoo	Hyunwoo Kim
815	Kim, Jaeyoung	Jaeyoung Kim
816	Kim, Nam Sung	Nam Sung Kim
817	Kimball, Daniel	Daniel Kimball
818	Kindratenko, Volodymyr	Volodymyr Kindratenko
819	King, David M.	David M. King
820	King, Edward	Edward King
821	Kingsley, James	James Kingsley
822	Kinsy, Michel A.	Michel A. Kinsy
823	Kirsch, S.	S. Kirsch
824	Kiss, I.	I. Kiss
825	Klein, Andreas	Andreas Klein
826	Klein, Anna	Anna Klein
827	Klinvex, Alicia M.	Alicia M. Klinvex
828	Kliss, Greg	Greg Kliss
829	Klymko, Christine	Christine Klymko
830	Knauerhase, Robin	Robin Knauerhase
831	Knies, Allan	Allan Knies
832	Knyazev, Andrew	Andrew Knyazev
833	Ko, Teresa	Teresa Ko
834	Kocak, Taskin	Taskin Kocak
835	Koch, Michael	Michael Koch
836	Kodiyath, Midhunchandra	Midhunchandra Kodiyath
837	Koester, David	David Koester
838	Konstantinidis, Athanasios	Athanasios Konstantinidis
839	Kosmas, Panos	Panos Kosmas
840	Kosta, Leonard	Leonard Kosta
841	Kotteda, V M Krushnarao	V M Krushnarao Kotteda
842	Koutsoyannis, Robert	Robert Koutsoyannis
843	Kramer, Joshua	Josh Kramer|Joshua Kramer
844	Kramer, Matt	Matt Kramer
845	Krieger, Christopher D.	Christopher D. Krieger
846	Krikelis, Argy	Argy Krikelis
847	Krishnamurthy, Ashok	Ashok Krishnamurthy
848	Krishnamurthy, Praveen	Praveen Krishnamurthy
849	Krzych, Matthew	Matthew Krzych
850	Ku, Taeyun	Taeyun Ku
851	Kubiatowicz, John	John Kubiatowicz
852	Kulp, James	James Kulp|Jim Kulp
853	Kumar, Manoj	Manoj Kumar
854	Kumar, Pradeep	Pradeep Kumar
855	Kumar, Vinod	Vinod Kumar
856	Kumar, Vivek	Vivek Kumar
857	Kumbhare, Alok Gautam	Alok Gautam Kumbhare
858	Kunde, Gerd	Gerd Kunde
859	Kuning, Randy	Randy Kuning
860	Kuppannagari, Sanmukh R.	Sanmukh R. Kuppannagari
861	Kuraishi, Aqsa	Aqsa Kuraishi
862	Kurien, Thomas	Thomas Kurien
863	Kurzak, Jakub	Jakub Kurzak
864	Kusic, Dara	Dara Kusic
865	Kusinsky, David A.	David Kusinsky|David A. Kusinsky
866	Kuszmaul, Bradley	Bradley Kuszmaul
867	Kwak, K.J.	K.J. Kwak
868	Kwon, Yong-Jin	Yong-Jin Kwon
869	LaBorde, Pierre	Pierre LaBorde
870	LaCoss, Jeff	Jeff LaCoss
871	Labarta, Jesus	Jesús Labarta
872	Labowski, Kyle L.	Kyle L. Labowski
873	Lakhotia, Kartik	Kartik Lakhotia
874	Lakshminarasimhan, Kartik	Kartik Lakshminarasimhan
875	Lam, Herman	Herman Lam
876	Lambert, George	George Lambert
877	Lancaster, Joseph	Joseph Lancaster
878	Landaverde, Raphael	Raphael Landaverde
879	Langhammer, Martin	Martin Langhammer
880	Langston, M. Harper	M. Harper Langston
881	Laszlo, Michael J.	Michael J. Laszlo
882	Latimer, Dairsie	Dairsie Latimer
883	Laue, Soren	Sören Laue
884	Lauginiger, Frank	Frank Lauginiger
885	Lawande, Abhijeet G.	Abhijeet G. Lawande
886	Lazar, Laszlo	Laszlo Lazăr
887	Le, Hoang	Hoang Le
888	LeBlanc, Mike	Mike LeBlanc
889	LeCun, Yann	Yann LeCun
890	Lebak, James	James Lebak
891	Lee, Edward	Edward Lee
892	Lee, Kyusoon	Kyusoon Lee
893	Lee, Matthew	Matthew Lee
894	Lee, Max	Max Lee
895	Lee, Min	Min Lee
896	Lee, Nigel	Nigel Lee
897	Leeper, Sarah	Sarah Leeper
898	Leeser, Miriam E.	Miriam Leeser|Miriam E. Leeser
899	Leibman, Steve	Steve Leibman
900	Leimbach, Dave	Dave Leimbach
901	Leiserson, Charles	Charles Leiserson
902	Leko, Adam	Adam Leko
903	Lenhardt, W. Christopher	W. Christopher Lenhardt|W.Christopher Lenhardt
904	Lentine, Anthony	Anthony Lentine
905	Lethin, Richard	R. Lethin|Rich Lethin|Richard Lethin
906	Letourneau, Paul	Paul Letourneau
907	Letourneau, Pierre-David	Pierre-David Letourneau
908	Letsche, Todd	Todd Letsche
909	Leung, Allen	Allen Leung
910	Leung, Stephen	Stephen Leung
911	Levy, Markus	Markus Levy
912	Lewins, Lloyd	Lloyd Lewins
913	Lewis, Adam	Adam Lewis
914	Lewis, Kathleen M.	Kathleen M. Lewis
915	Li, Hai	Hai Li
916	Li, J.	J. Li
917	Li, Peng	Peng Li
918	Li, Peter	Peter Li
919	Li, Qiang	Qiang Li
920	Li, Zhe	Zhe Li
921	Lilja, David J.	David J. Lilja
922	Lin, Chun-Shin	Chun-Shin Lin
923	Lin, Ming	Ming Lin
924	Lin, Yih-Chuan	Yih-Chuan Lin
925	Lindahl, Greg	Greg Lindahl
926	Linderman, Mark	Mark Linderman
927	Linderman, Richard	Richard Linderman
928	Lindheim, Jan	Jan Lindheim
929	Lingerfelt, Eric	Eric Lingerfelt
930	List, Nancy	Nancy List
931	Litrenta, Thomas	Thomas Litrenta
932	Littlefield, Mark	Mark Littlefield
933	Liu, Chao	Chao Liu
934	Liu, Rui	Rui Liu
935	Liu, Xiaoxiao	Xiaoxiao Liu
936	Liu, Xing	Xing Liu
937	Liu, Xue	Xue Liu
938	Liu, Yang	Yang Liu
939	Liu, Yinan	Yinan Liu
940	Liu, Yu	Yu Liu
941	Lockwood, John	John Lockwood
942	Loe, Brian	Brian Loe
943	Lomakin, Alexei	Alexei Lomakin
944	Lonardi, S.	S. Lonardi
945	Looz, Moritz von	Moritz von Looz
946	Lorts, Daniel	Daniel Lorts
947	Low, Tze Meng	Tze Meng Low
948	Loyall, Joseph	Joseph Loyall
949	Lu, Hao	Hao Lu
950	Lu, Yi-Shan	Yi-Shan Lu
951	Lucas, Michael	Michael Lucas
952	Lucas, Robert F.	Robert F. Lucas
953	Luce, Ethan	Ethan Luce
954	Luckenbill, Samuel	Samuel Luckenbill
955	Ludaescher, Bertram	Bertram Ludaescher
956	Luebbers, Enno	Enno Luebbers
957	Lukacs, Mathew	Mathew Lukacs
958	Lum, Victor	Victor Lum
959	Lumsdaine, Andrew	Andrew Lumsdaine
960	Lundgren, William	William Lundgren
961	Luo, Pei	Pei Luo
962	Luo, Xingmin	Xingmin Luo
963	Luo, Yan	Yan Luo
964	Lupia, David	David Lupia
965	Lupo, James	James Lupo
966	Luszczek, Piotr	P. Luszczek|Piotr Luszczek
967	Lv, Tiehan	Tiehan Lv
968	Lynch, M.	M. Lynch
969	Lynch, Vickie E.	Vickie E. Lynch
970	Mabey, Glen	Glen Mabey
971	MacPherson, David	David MacPherson
972	MacWilliam, Tommy	Tommy MacWilliam
973	Mackenzie, Kenneth	Kenneth Mackenzie
974	Mackin, Bryce	Bryce Mackin
975	Madden, Samuel	Samuel Madden
976	Madduri, Kamesh	Kamesh Madduri
977	Maese, Tim	Tim Maese
978	Mahmood, Ausif	Ausif Mahmood
979	Majeti, Deepak	Deepak Majeti
980	Maji, Sourav	Sourav Maji
981	Majumder, Uttam (Tom)	Uttam (Tom) Majumder
982	Malewski, Rafal	Rafal Malewski
983	Malyska, Nicolas	Nicolas Malyska
984	Mane, Deepak Hanamant	Deepak Hanamant Mane
985	Manley, Jathan	Jathan Manley
986	Mann, James	James Mann
987	Manocha, Dinesh	Dinesh Manocha
988	Manohar, Rajit	Rajit Manohar
989	Manolakos, Elias	Elias Manolakos
990	Mansur, Skip	Skip Mansur
991	Mantovani, Paolo	Paolo Mantovani
992	Manuel, Steven	Steven Manuel
993	Mao, Mengjie	Mengjie Mao
994	Marek, Pat	Pat Marek
995	Margala, Martin	Martin Margala
996	Markle, Brian	Brian Markle
997	Marr, Bo	Bo Marr
998	Marshall, Stephen	Stephen Marshall
999	Martin, Q.	Q. Martin
1000	Martini, Berin	Berin Martini
1001	Martorell, Xavier	Xavier Martorell
1002	Maschmeyer, John	John Maschmeyer
1003	Mason, Jeff	Jeff Mason
1004	Masson, Benoit	Benoît Masson
1005	Mastin, Andrew	Andrew Mastin
1006	Matam, Kiran Kumar	Kiran Kumar Matam
1007	Mateo, Sergi	Sergi Mateo
1008	Mathew, Bipin	Bipin Mathew
1009	Matthews, Suzanne J.	Suzanne J. Matthews
1010	Mattheyses, R.M.	R.M. Mattheyses
1011	Mattson, Peter	Peter Mattson
1012	Mattson, Timothy G.	Tim Mattson|Timothy Mattson|Timothy G. Mattson
1013	Mauch, Sean	Sean Mauch
1014	May, Lindsay	Lindsay May
1015	Mazur, Walter	Walter Mazur
1016	McCabe, Andrew	A. McCabe|Andrew McCabe
1017	McCans, Mark	Mark McCans
1018	McCaslin, Shawn	Shawn McCaslin
1019	McClean, Tom	Tom McClean
1020	McColl, Rob	R. McColl|Rob McColl
1021	McCorquodale, John	John McCorquodale
1022	McCoy, Don	Don McCoy
1023	McDermott, Ed	Ed McDermott
1024	McFarlin, Daniel	Daniel McFarlin
1025	McGraw-Herdeg, Michael	Michael McGraw-Herdeg
1026	McIntosh-Smith, Simon	Simon McIntosh-Smith
1027	McLaughlin, Adam	Adam McLaughlin
1028	McMahon, Janice	Janice McMahon
1029	McMillan, Scott	Scott McMillan
1030	McNally, Craig	Craig McNally
1031	McPherson, Al	Al McPherson
1032	Mcfarlin, Daniel	Daniel Mcfarlin
1033	Meehan, John	John Meehan
1034	Mehrotra, Shikha	Shikha Mehrotra
1035	Mehta, Gayatri	Gayatri Mehta
1036	Meister, Benoit	B. Meister|Benoit Meister|Benoît Meister
1037	Meixner, David	David Meixner
1038	Melhem, Rami	Rami Melhem
1039	Meng, Huan-Ting	Huan-Ting Meng
1040	Meng, Jie	Jie Meng
1041	Meredith, Jeremy	Jeremy Meredith
1042	Merritt, Mark	Mark Merritt
1043	Mesmay, Frédéric de	Frédéric de Mesmay
1044	Meuse, Theresa	Theresa Meuse
1045	Meyer, Gerard	Gerard Meyer
1046	Meyerhenke, Henning	Henning Meyerhenke
1047	Mi, Ningfang	Ningfang Mi
1048	Michaleas, Peter	P. Michaleas|Pete Michaleas|Peter Michaleas
1049	Michel, B. Scott	B. Scott Michel
1050	Michel, Elizabeth	Elizabeth Michel
1051	Mighell, Kenneth	Kenneth Mighell
1052	Mihalef, Viorel	Viorel Mihalef
1053	Milder, Peter	Peter Milder
1054	Milechin, Lauren	Lauren Milechin
1055	Miller, Benjamin A.	B. A. Miller|Benjamin Miller|Benjamin A. Miller
1056	Miller, Eric	Eric Miller
1057	Miller, Shawn	Shawn Miller
1058	Miller, Steve	Steve Miller
1059	Millery, Benjamin A.	Benjamin A. Millery
1060	Mills, Richard	Richard Mills
1061	Milluzzi, Andrew	Andrew Milluzzi
1062	Milosavljevic, Maja	Maja Milosavljevic
1063	Minardi, Michael	Michael Minardi
1064	Minch, D.	D. Minch
1065	Mirkin, Leo	Leo Mirkin
1066	Mishin, Dmitry	Dmitry Mishin
1067	Misra, Smarahara	Smarahara Misra
1068	Mitchell, Mark	Mark Mitchell
1069	Mitra, Atindra	Atindra Mitra
1070	Model, Josh	Josh Model
1071	Mohindra, Sanjeev	Sanjeev Mohindra
1072	Mohiyuddin, Marghoob	Marghoob Mohiyuddin
1073	Mojumder, Saiful A.	Saiful A. Mojumder
1074	Moluf, Marshall	Marshall Moluf
1075	Monastra, Edward	Edward Monastra
1076	Monticciolo, Paul	Paul Monticciolo|Paul Monticiollo
1077	Moon, Aekyeung	Aekyeung Moon
1078	Mooney, Stephen	Stephen Mooney
1079	Mooney, Vincent III	Vincent Mooney III
1080	Moore, Michael	Michael Moore
1081	Moore, Nicholas	Nicholas Moore|Nick Moore
1082	Moran, Andrew	Andrew Moran
1083	Morda, Lou	Lou Morda
1084	Moreira, Jose E.	Jose Moreira|José Moreira|José E. Moreira
1085	Moreshet, Tali	Tali Moreshet
1086	Morley, Robert	Robert Morley
1087	Morris, Gerald	Gerald Morris
1088	Moses, B.	B. Moses
1089	Moses, Brooks	Brooks Moses
1090	Moslehpour, Saeid	Saeid Moslehpour
1091	Mountcastle, Paul	Paul Mountcastle
1092	Moura, Jose	Jose Moura|José Moura
1093	Mowlaei, Shahir	Shahir Mowlaei
1094	Moyer, Thomas	Thomas Moyer
1095	Muchnik, Ilya	Ilya Muchnik
1096	Muir, Steve	Steve Muir
1097	Mukherjee, Saoni	Saoni Mukherjee
1098	Mukherjee, Sumitra	Sumitra Mukherjee
1099	Muldavin, Jeremy	Jeremy Muldavin
1100	Mulholland, Phil	Phil Mulholland
1101	Mullen, Julie	J. Mullen|Julia Mullen|Julia S. Mullen|Julie Mullen
1102	Mullin, Lenore	Lenore Mullin
1103	Mulvaney, Brian	Brian Mulvaney
1104	Murphy, Michael	Michael Murphy
1105	Murray, David	Dave Murray|David Murray
1106	Murray, Paul	Paul Murray
1107	Myers, Nathan	Nathan Myers
1108	Nadeski, Mark	Mark Nadeski
1109	Nagi, Rakesh	Rakesh Nagi
1110	Nagvajara, Prawat	Prawaat Nagvajara|Prawat Nagvajara
1111	Nahill, Ben	Ben Nahill
1112	Najjar, W. A.	W. A. Najjar
1113	Namasivayam, Vasanth Krishna	Vasanth Krishna Namasivayam
1114	Naqvi, Aale	Aale Naqvi
1115	Nash, Greg	Greg Nash
1116	Nasiri, Nasibeh	Nasibeh Nasiri
1117	Navarrete, Carmen	Carmen Navarrete
1118	Nealis, Kevin	Kevin Nealis
1119	Negre, Robert	Robert Negre
1120	Nehrbass, John	John Nehrbass
1121	Nelson, Scott	Scott Nelson
1122	Nguyen, Danh	Danh Nguyen
1123	Nguyen, Donald	Donald Nguyen
1124	Nguyen, Huy Tam	Huy Nguyen|Huy T. Nguyen|HuyTam Nguyen
1125	Ni, Karl	K. Ni|Karl Ni
1126	Nickerson, Brian	Brian Nickerson
1127	Nicoloff, Catherine	Catherine Nicoloff
1128	Niedre, Mark	Mark Niedre
1129	Nikolopoulos, Dimitris	Dimitris Nikolopoulos
1130	Nimmer, Jeremy	Jeremy Nimmer
1131	Nita, Cosmin	Cosmin Nita|Cosmin Niţă
1132	Nordin, Grace	Grace Nordin
1133	Norton, Charles	Charles Norton
1134	Noseworthy, Joshua	Joshua Noseworthy
1135	Nossenson, Nir	Nir Nossenson
1136	Nwankpa, Chika	Chika Nwankpa
1137	O'Brien, Kyle	Kyle O'Brien
1138	O'Gwynn, B. David	B. David O'Gwynn|D. O'Gwynn|David O'Gwynn
1139	O'Malley, Daniel	Daniel O'Malley
1140	Oeffinger, David	David Oeffinger
1141	Oldham, Jeffrey	Jeffrey Oldham
1142	Olivadoti, Giuseppe	Giuseppe Olivadoti
1143	Olivier, Stephen L.	Stephen L. Olivier
1144	Olofsson, Andreas	Andreas Olofsson
1145	Olson, Tim	Tim Olson
1146	Orcutt, John	John Orcutt
1147	Orofino, Donald	Donald Orofino
1148	Ostapovich, John	John Ostapovich
1149	Otero, Inerys	Inerys Otero
1150	Otto, Paul	Paul Otto
1151	Ou, Jingzhao	Jingzhao Ou
1152	Ouyang, Ming	Ming Ouyang
1153	Owens, John D.	John D. Owens
1154	Ozdayi, Mustafa Safa	Mustafa Safa Özdayi
1155	Ozer, Burak	Burak Ozer
1156	Ozog, Paul	Paul Ozog
1157	O’Reilly, Una-May	Una-May O’Reilly
1158	Paatela, Jeremy	Jeremy Paatela
1159	Paavola, Stephen	Stephen Paavola
1160	Pabbuleti, Krishna Chaitanya	Krishna Chaitanya Pabbuleti
1161	Padilha, Dan	Dan Padilha
1162	Padkowski, Piotr	Piotr Padkowski
1163	Padmanabhan, Shobana	Shobana Padmanabhan
1164	Padua, David	David Padua
1165	Pai, Sreepathi	Sreepathi Pai
1166	Pakin, Scott	Scott Pakin
1167	Palem, Krishna	Krishna Palem
1168	Panasyuk, Sergey	Sergey Panasyuk
1169	Pancoast, Rick	Rick Pancoast
1170	Pande, Pushkar	Pushkar Pande
1171	Pandey, Prachi	Prachi Pandey
1172	Papagiannopoulou, Dimitra	Dimitra Papagiannopoulou
1173	Pardo-Castellote, Gerardo	Gerardo Pardo-Castellote
1174	Park, Kyongseok	Kyongseok Park
1175	Park, Neungsoo	Neungsoo Park
1176	Park, Song J.	Song J. Park
1177	Parker, Michael	Michael Parker
1178	Parmet, Art	Art Parmet
1179	Passwater, Jim	Jim Passwater
1180	Patel, Minesh	Minesh Patel
1181	Patel, Rushi	Rushi Patel
1182	Paterson, William	William Paterson
1183	Pathak, Animesh	Animesh Pathak
1184	Patterson, Cameron D	Cameron D Patterson
1185	Pattnaik, Pratap	Pratap Pattnaik
1186	Pavelich, Janet	Janet Pavelich
1187	Pavo, J.	J. Pavo
1188	Payne, William	William Payne
1189	Pearce, Roger	Roger Pearce
1190	Pearce, Stephen	Stephen Pearce
1191	Pechanek, Gerald G.	Gerald G. Pechanek
1192	Pedersen, Keith	Keith Pedersen
1193	Peikert, C.	C. Peikert
1194	Pelon, Bernard	Bernard Pelon
1195	Pepe, Michael	Michael Pepe
1196	Pepperling, Nick	Nick Pepperling
1197	Perlovsky, Leonid	Leonid Perlovsky
1198	Perrone, Michael	Michael Perrone
1199	Petersen, Torben Kling	Torben Kling Petersen
1200	Petrie, Craig	Craig Petrie
1201	Petrini, Fabrizio	Fabrizio Petrini
1202	Petrov, Sergey	Sergey Petrov
1203	Pfeil, Doug	Doug Pfeil
1204	Philipose, Joseph	Joseph Philipose
1205	Phillips, Everett	Everett Phillips
1206	Phillips, Jonathan	Jonathan Phillips
1207	Phuong, Tri	Tri Phuong
1208	Piccolboni, Luca	Luca Piccolboni
1209	Pierce, Brian	Brian Pierce
1210	Pilaud, William	William Pilaud
1211	Pileggi, Larry	Larry Pileggi
1212	Pingali, Keshav	Keshav Pingali
1213	Pitsianis, Nikos	N. Pitsianis|Nikos Pitsianis
1214	Plant, Charles	Charles Plant
1215	Pocock, Gerry	Gerry Pocock
1216	Pointer, David	David Pointer
1217	Polizzi, Eric	Eric Polizzi
1218	Pollock, Lori L.	Lori L. Pollock
1219	Poole, Stephen	Stephen Poole
1220	Poovey, Jason	Jason Poovey
1221	Popa, Alex	Alex Popa
1222	Popovici, Doru T.	Doru Popovici|Doru T. Popovici
1223	Portfliet, Susan Van	Susan Van Portfliet
1224	Potts, Terri	Terri Potts
1225	Poulin, Paul	Paul Poulin
1226	Pradelle, Benoit	Benoit Pradelle|Benoît Pradelle
1227	Prager, Kenneth	Ken Prager|Kenneth Prager
1228	Prasanna, Viktor K.	Viktor Prasanna|Viktor K. Prasanna
1229	Praveen, Sharma	Sharma Praveen
1230	Prelle, Myra Jean	Myra Prelle|Myra Jean Prelle
1231	Price, Greg	Greg Price
1232	Prieto, Diana	Diana Prieto
1233	Prout, Andrew	A. Prout|Andrew Prout|Andy Prout
1234	Pschunder, Harald	Harald Pschunder
1235	Pudenz, Kristen L.	Kristen L. Pudenz
1236	Pueschel, Markus	Markus Pueschel
1237	Putatunda, Rathin	Rathin Putatunda
1238	Püschel, Markus	Markus Püschel
1239	Qian, Zhuo	Zhuo Qian
1240	Qiu, Qinru	Qinru Qiu
1241	Qu, Yun R.	Yun R. Qu
1242	Quackenbush, John	John Quackenbush
1243	Quinn, Heather	Heather Quinn
1244	Rabbah, Rodric	Rodric Rabbah
1245	Rabinkin, Daniel	Daniel Rabinkin
1246	Rachford, Tymani	Tymani Rachford
1247	Racosky, Joseph	Joseph Racosky
1248	Rader, Charles	Charles Rader
1249	Raghavan, Padma	Padma Raghavan
1250	Raghavendra, Cauligi S.	Cauligi S. Raghavendra
1251	Raghunathan, Sudarshan	Sudarshan Raghunathan
1252	Raikhman, Oleg	Oleg Raikhman
1253	Rajaei, Rasoul	Rasoul Rajaei
1254	Rajamanickam, Sivasankaran	Sivasankaran Rajamanickam
1255	Rajaram, Kumaran	Kumaran Rajaram
1256	Rajasekar, Arcot	Arcot Rajasekar
1257	Raman, Pirabbhu	Pirabbhu Raman
1258	Ramananandro, Tahina	Tahina Ramananandro
1259	Ramesh, Barath	Barath Ramesh
1260	Ramezani, Amin	Amin Ramezani
1261	Ramiro, Eva Valentin	Eva Ramiro|Eva Valentin Ramiro
1262	Ramos, Jeremy	Jeremy Ramos
1263	Rao, Varun Nagaraj	Varun Nagaraj Rao
1264	Raoul, Ouedraogo	Ouedraogo Raoul
1265	Rapaka, Saikiran	Saikiran Rapaka
1266	Rappaport, Carey	Carey Rappaport
1267	Raszka, Łukasz	Łukasz Raszka
1268	Ravindran, Binoy	Binoy Ravindran
1269	Ravishankar, Surabhi	Surabhi Ravishankar
1270	Raymond, Courtney	Courtney Raymond
1271	Raymond, Michael	Michael Raymond
1272	Raynolds, James	James Raynolds
1273	Rayson, Francine	Francine Rayson
1274	Raz, Gil	Gil Raz
1275	Reddaway, Stewart	Stewart Reddaway
1276	Reddy, Kishore	Kishore Reddy
1277	Regester, Keith	Keith Regester
1278	Reilly, Matthew	Matthew Reilly
1279	Reinhardt, Steven	Steve Reinhardt|Steven Reinhardt
1280	Reinhardt, Steven K.	Steven K. Reinhardt
1281	Reinhardt, Steven P.	Steven P. Reinhardt
1282	Ren, Ling	Ling Ren
1283	Retherford, Larry	Larry Retherford
1284	Reuther, Albert	A. Reuther|Albert Reuther
1285	Reynolds, Douglas	Douglas Reynolds
1286	Rhoades, Andrew	Andrew Rhoades
1287	Rhodes, Michael	Michael Rhodes
1288	Richards, Mark	Mark Richards
1289	Richardson, Alan	Alan Richardson
1290	Richardson, Justin	Justin Richardson
1291	Richie, David A.	David A. Richie
1292	Richter, Ed	Ed Richter
1293	Ricke, Darrell O.	Darrell O. Ricke
1294	Ridgley, Rick	Rick Ridgley
1295	Riedy, Jason	J. Riedy|Jason Riedy
1296	Rinard, Martin	Martin Rinard
1297	Rinzler, Daniel	Daniel Rinzler
1298	Riss, Frederic	Frederic Riss
1299	Rivera, Hector	Hector Rivera
1300	Rizzari, Joseph	Joseph Rizzari
1301	Robasky, Kimberly	Kimberly Robasky
1302	Robbins, Chris	Chris Robbins
1303	Robinson, Eric	Eric Robinson
1304	Rodriguez, Domingo	Domingo Rodriguez|Domingo Rodriquez|Domingo Rodríguez
1305	Rodriguez, Yamil	Yamil Rodriguez
1306	Roeder, Michael	Michael Roeder
1307	Rogers, Jennie	Jennie Rogers
1308	Rogina, Pete	Pete Rogina
1309	Rohler, David	David Rohler
1310	Rohloff, Kurt	K. Rohloff|Kurt Rohloff
1311	Rojas, Juan Carlos	Juan Carlos Rojas
1312	Rolinger, Thomas B.	Thomas B. Rolinger
1313	Romera, Julian	Julian Romera
1314	Ros-Giralt, Jordi	J. Ros-Giralt|Jordi Ros-Giralt
1315	Rosa, Antonio	A. Rosa|Antonio Rosa|Tony Rosa
1316	Ross, James A.	James A. Ross
1317	Rossell, Daniel	Daniel Rossell
1318	Rotsted, R.	R. Rotsted
1319	Royster, Tommy	Tommy Royster
1320	Rubin, Aron	Aron Rubin
1321	Rubin, Norman	Norman Rubin
1322	Rudin, Jeffrey	Jeff Rudin|Jeffrey Rudin
1323	Russell, Terrell	Terrell Russell
1324	Russo, Jon C.	Jon Russo|Jon C. Russo
1325	Rutledge, Edward M.	E. M. Rutledge|Edward Rutledge
1326	Ryan, Jeffrey	Jeffrey Ryan
1327	Sabin, Wayne	Wayne Sabin
1328	Sacco, Sharon	Sharon Sacco
1329	Sacha, John	John Sacha
1330	Sachdeva, Vipin	Vipin Sachdeva
1331	Sadi, Fazle	Fazle Sadi
1332	Saha, Sankalita	Sankalita Saha
1333	Sahin, Cem	Cem Sahin
1334	Salama, Assem	Assem Salama
1335	Samsi, Siddharth	Siddarth Samsi|Siddharth Samsi
1336	Samson, John R. Jr.	John Samson|John Samson Jr.|John R. Samson Jr.
1337	Sanaullah, Ahmed	Ahmed Sanaullah
1338	Sanders, Geoffrey	Geoffrey Sanders
1339	Sanders, Larry	Larry Sanders
1340	Sanford, Ronnie	Ronnie Sanford
1341	Sanghai, Kaushal	Kaushal Sanghai
1342	Sanny, Andrea	Andrea Sanny
1343	Santoro, Mark	Mark Santoro
1344	Sarkar, Ambar	Ambar Sarkar
1345	Sarkar, Vivek	Vivek Sarkar
1346	Sato, Tomoyoshi	Tomoyoshi Sato
1347	Saunders, John	John Saunders
1348	Savkli, C.	C. Savkli
1349	Sawyer, Scott M.	S. M. Sawyer|Scott Sawyer|Scott M. Sawyer
1350	Sbîrlea, Alina	Alina Sbîrlea
1351	Scalera, Jonathan	Jonathan Scalera
1352	Scally, Larry	Larry Scally
1353	Schaa, Dana	Dana Schaa
1354	Schafer, D.	D. Schafer
1355	Schantz, Howard	Howard Schantz
1356	Schantz, Richard	R. Schantz|Richard Schantz
1357	Schatzel, Don	Don Schatzel
1358	Schaumont, Patrick	Patrick Schaumont
1359	Schear, Nabil	Nabil Schear
1360	Schlesselman, Joseph	Joseph Schlesselman
1361	Schmidt, Douglas	Douglas Schmidt
1362	Schrader, Glenn	Glen Schrader|Glenn Schrader
1363	Schuehler, David	David Schuehler
1364	Schulman, Bruce	Bruce Schulman
1365	Schultz, Martin	Martin Schultz
1366	Schuster, Jeffrey	Jeffrey Schuster
1367	Schwaller, Benjamin	Benjamin Schwaller
1368	Schweitz, Eric	Eric Schweitz
1369	Schwichtenberg, Jay	Jay Schwichtenberg
1370	Scorfano, Ronald Jr.	Ronald Scorfano Jr.
1371	Scott, David	David Scott
1372	Scott, Erik	Erik Scott
1373	Scrofano, Ronald	Ronald Scrofano
1374	Seefeld, Stefan	S. Seefeld|Stefan Seefeld
1375	Segal, Oren	Oren Segal
1376	Seidel, Hans-Peter	Hans-Peter Seidel
1377	Sermulins, Janis	Janis Sermulins
1378	Serrano, Mauricio	Mauricio Serrano
1379	Seshasayee, Bala	Bala Seshasayee
1380	Sha, Lui	Lui Sha
1381	Shacham, Assaf	Assaf Shacham
1382	Shafai, Bahram	Bahram Shafai
1383	Shaffer, Andrew	Andrew Shaffer
1384	Shah, Virai	Virai Shah
1385	Shah, Viral B.	Viral Shah|Viral B. Shah
1386	Shalf, John	John Shalf
1387	Shamaei, Arash	Arash Shamaei
1388	Shambayati, Amirali	Amirali Shambayati
1389	Shamim, Imran	Imran Shamim
1390	Shamjith, K. V.	K. V. Shamjith
1391	Shands, Berkley	Berkley Shands
1392	Shank, Stephen	Stephen Shank
1393	Shankar, Ravi	Ravi Shankar
1394	Shareef, Bryar	Bryar Shareef
1395	Sharma, Puneet	Puneet Sharma
1396	Shatnawi, Hussein Ali	Hussein Ali Shatnawi
1397	Shatnawi, Mohammed K. Ali	Mohammed K. Ali Shatnawi
1398	Shaw, Gary	Gary Shaw
1399	Shcherbina, Anna	Anna Shcherbina
1400	She, Zuohao	Zuohao She
1401	Sheikh, F.	F. Sheikh
1402	Shen, Emily	Emily Shen
1403	Shen, Hao	Hao Shen
1404	Sheng, Jiayi	Jiayi Sheng
1405	Shila, Devu Manikantan	Devu Manikantan Shila
1406	Shim, Matteo	Matteo Shim
1407	Shinde, Subhash	Subhash Shinde
1408	Shires, Dale R.	Dale R. Shires
1409	Shoup, Ryan	Ryan Shoup
1410	Shrauger, Vern	Vern Shrauger
1411	Shyles, Daniel	Daniel Shyles
1412	Sidiroglou-Douskos, Stelios	Stelios Sidiroglou-Douskos
1413	Sidwell, Nathan	Nathan Sidwell
1414	Siegal, Sara	Sara Siegal
1415	Siegel, Shepard	Shepard Siegel
1416	Sillaci, Jackie	Jackie Sillaci
1417	Silva, C. Della	C. Della Silva
1418	Simon, Tyler A.	Tyler A. Simon
1419	Simonton, Trevor M.	Trevor M. Simonton
1420	Singapura, Shreyas G.	Shreyas Singapura|Shreyas G. Singapura
1421	Singh, Karandeep	Karandeep Singh
1422	Sismanis, N.	N. Sismanis
1423	Sivanich, Dimitri	Dimitri Sivanich
1424	Skjellum, Anthony	Anthony Skjellum
1425	Skjellum, Jennifer	Jennifer Skjellum
1426	Skowyra, Richard	Richard Skowyra
1427	Sliwowski, Marcin	Marcin Sliwowski
1428	Slone, Ambrose	Ambrose Slone
1429	Small, Patrick	Patrick Small
1430	Smetana, Denis	Denis Smetana
1431	Smith, Harrison Ben	Harrison Ben Smith
1432	Smith, Jeffrey	Jeffrey Smith
1433	Smith, Melissa	Melissa Smith
1434	Smith, Nathan	Nathan Smith
1435	Smith, Shaden	Shaden Smith
1436	Smith, Steven	Steven Smith
1437	Smith, William	William Smith
1438	Smith-King, Laurie	Laurie King|Laurie Smith King|Laurie Smith-King
1439	Snavely, Noah	Noah Snavely
1440	Solka, M.	M. Solka
1441	Solvez, Francisco Alvarez	Francisco Solvez|Francisco Alvarez Solvez
1442	Some, Raphael	Rafi Some|Raphael Some
1443	Son, Seung Woo	Seung Woo Son
1444	Song, William S.	William Song|William S. Song
1445	Sottile, Matt	Matt Sottile
1446	Soumekh, Mehrdad	Mehrdad Soumekh
1447	Spaanenburg, Henk	Henk Spaanenburg
1448	Spehalski, Walter	Walter Spehalski
1449	Spetka, Scott	Scott Spetka
1450	Spotz, William	William Spotz
1451	Springer, Jonathan	Jonathan Springer
1452	Springer, Paul	Paul Springer
1453	Sreepathi, Sarat	Sarat Sreepathi
1454	Sridhar, Aravind	Aravind Sridhar
1455	Sridharan, R.	R. Sridharan
1456	Srikanth, Sriseshan	Sriseshan Srikanth
1457	Srivastava, Ajitesh	Ajitesh Srivastava
1458	Srivastava, Niraj	Niraj Srivastava
1459	Sroka, Brian	Brian Sroka
1460	Staheli, Diane	Diane Staheli
1461	Stalzer, Mark	Mark Stalzer
1462	Stark, Dylan T.	Dylan T. Stark
1463	Stealey, Michael	Michael Stealey
1464	Stebnisky, Michael	Michael Stebnisky
1465	Steck, Thomas	Thomas Steck
1466	Steed, James	James Steed
1467	Steeger, Jason	Jason Steeger
1468	Steele, Craig S.	C. S. Steele|Craig Steele
1469	Steinberger, Markus	Markus Steinberger
1470	Steinsaltz, Yael	Yael Steinsaltz
1471	Sterling, Thomas	Thomas Sterling
1472	Stettler, Matt	Matt Stettler
1473	Stevens, Rick	Rick Stevens
1474	Stojanovic, Milica	Milica Stojanovic
1475	Stojanovic, Vladimir	Vladimir Stojanovic
1476	Stokes, Nathan	Nathan Stokes
1477	Stone, Jan	Jan Stone
1478	Stonebraker, Michael	Michael Stonebraker|Mike Stonebraker
1479	Storaasli, Olaf	Olaf Storaasli
1480	Story, Shane	Shane Story
1481	Stout, Q.	Q. Stout
1482	Stover, Patrick	Patrick Stover
1483	Straznicky, I.	I. Straznicky
1484	Streltsov, Simon	Simon Streltsov
1485	Stroia, Iulian	Iulian Stroia
1486	Strudel, Thierry	Thierry Strudel
1487	Strumpen, Volker	Volker Strumpen
1488	Stuttard, David	David Stuttard
1489	Subramanian, Prasad	Prasad Subramanian
1490	Suciu, Constantin	Constantin Suciu
1491	Sudarsanam, Arvind	Arvind Sudarsanam
1492	Sugiarto, Indar	Indar Sugiarto
1493	Suh, Jinwoo	Jinwoo Suh
1494	Sukhwani, Bharat	Bharat Sukhwani
1495	Sumbul, H. Ekin	H. Ekin Sumbul
1496	Summey, Charles	Charles Summey
1497	Sumorok, Daniel	Daniel Sumorok
1498	Sun, Xiaobai	Xaiobai Sun|Xiaobai Sun
1499	Sun, Zachary	Zachary Sun
1500	Sunar, Berk	Berk Sunar
1501	Sundar, Hari	Hari Sundar
1502	Sundaram, Narayanan	Narayanan Sundaram
1503	Suresh, Siddarth	Siddarth Suresh
1504	Swensen, John	John Swensen
1505	Swenson, Brian P.	Brian P. Swenson
1506	Swope, Guy	Guy Swope
1507	Szalay, Alexander S.	Alexander S. Szalay
1508	Szewc, Kamil	Kamil Szewc
1509	Szilagyi, Peter	Peter Szilagi|Peter Szilagyi
1510	Tadmor, Gilead	Gilead Tadmor
1511	Talay, Selcuk	Selçuk Talay
1512	Taliaferro, Ellis	Ellis Taliaferro
1513	Tamhankar, Mangesh	Mangesh Tamhankar
1514	Tanase, Gabriel	Gabriel Tanase
1515	Tanida, Masatoshi	Masatoshi Tanida
1516	Tarapore, Shahrukh	Shahrukh Tarapore
1517	Tarkoff, Joe	Joe Tarkoff
1518	Tasirlar, Sagnak	Sagnak Tasirlar
1519	Tatbul, Nesime	Nesime Tatbul
1520	Tavarageri, Sanket	Sanket Tavarageri
1521	Taveniku, Mikael	Mikael Taveniku
1522	Tebcherani, Cezario	Cezario Tebcherani
1523	Techau, Paul	Paul Techau
1524	Techentin, Robert	Robert Techentin
1525	Tedrake, Russ	Russ Tedrake
1526	Teitelbaum, Kenneth	Kenneth Teitelbaum
1527	Teixeira, Marvi	Marvi Teixeira
1528	Telgarsky, Marek	Marek Telgarsky
1529	Tella, Louis	Louis Tella
1530	Teller, Justin	Justin Teller
1531	Tempesti, Gianluca	Gianluca Tempesti
1532	Teranishi, Keita	Keita Teranishi
1533	Teruel, Xavier	Xavier Teruel
1534	Tessier, Jared	Jared Tessier
1535	Tetreault, Scott	Scott Tetreault
1536	Thanh-Hoang, Tung	Tung Thanh-Hoang
1537	Thankachan, Rohit Varkey	Rohit Varkey Thankachan
1538	Thies, Bill	Bill Thies
1539	Thomas, John	John Thomas
1540	Thomas, Vicraj	Vicraj Thomas
1541	Thompson, Dan	Dan Thompson
1542	Thompson, E. A.	E. A. Thompson
1543	Thompson, James	James Thompson
1544	Thompson, Joe	Joe Thompson
1545	Tian, Shaobo	Shaobo Tian
1546	Tian, Yulong	Yulong Tian
1547	Tirko, Kevin	Kevin Tirko
1548	Tisdale, Robert	Robert Tisdale
1549	Tiwari, Servesh	Servesh Tiwari
1550	Todd, Levy	Levy Todd
1551	Tokgoz, Cagatay	Çağatay Tokgöz
1552	Tom, Ancy Sarah	Ancy Sarah Tom
1553	Tomov, Stanimire	Stanimire Tomov
1554	Tong, Da	Da Tong
1555	Torelli, Peter	Peter Torelli
1556	Torres-Carrasquillo, Pedro A.	Pedro Torres-Carrasquillo|Pedro A. Torres-Carrasquillo
1557	Tougaw, Douglas	Douglas Tougaw
1558	Trainoff, Mark	Mark Trainoff
1559	Tran, An	An Tran
1560	Tran, Geoffrey Phi C.	Geoffrey Phi C. Tran
1561	Tran, Trac	Trac Tran
1562	Travinin, Nadya	Nadya Travinin|Nadya Travinn
1563	Trevito, Leon	Leon Trevito
1564	Trigueros, Blas	Blas Trigueros
1565	Tripp, Justin	Justin Tripp
1566	Trogan, Roman	Roman Trogan
1567	Trotter, Douglas	Douglas Trotter
1568	Troxel, Ian	Ian Troxel
1569	Tufo, Henry	Henry Tufo
1570	Tumeo, Antonino	Antonino Tumeo
1571	Turner, Eric	Eric Turner
1572	Turri, William	William Turri
1573	Tuzel, Erkan	Erkan Tuzel|Erkan Tüzel
1574	Tyson, Eric	Eric Tyson
1575	Tzeng, Nian-Feng	Nian-Feng Tzeng
1576	Ueberhuber, Christoph	Christoph Ueberhuber
1577	Ufimtsev, Vladimir	Vladimir Ufimtsev
1578	Ulmer, Craig	Craig Ulmer
1579	Um, Jung-Ho	Jung-Ho Um
1580	Upchurch, Ed	Ed Upchurch
1581	Uppal, Ahsen J.	Ahsen J. Uppal
1582	Urgo, Kelsey	Kelsey Urgo
1583	Uribe, Ramon	Ramon Uribe
1584	Utin, Dan	Dan Utin
1585	Vaccaro, Phil	Phil Vaccaro
1586	Vahey, Michael	Michael Vahey
1587	Vai, Michael	M. Vai|Michael Vai
1588	Vaidya, Sheila	Sheila Vaidya
1589	Vaillancourt, Steve	Steve Vaillancourt
1590	VanCourt, Thomas	Thomas VanCourt
1591	Van_der_Wijngaart, Rob F.	Rob F. Van_der_Wijngaart
1592	VanderSanden, Steven	Steven VanderSanden
1593	Vanderbauwhede, Wim	Wim Vanderbauwhede
1594	Vanfleet, Mark	Mark Vanfleet
1595	Varia, Mayank	Mayank Varia
1596	Vasilache, Nicolas	N. Vasilache|Nicolas Vasilache
1597	Vasile, Alex	Alex Vasile
1598	Vazquez-Machado, Christian	Christian Vazquez-Machado
1599	Veeraraghavan, Malathi	Malathi Veeraraghavan
1600	Velusamy, Vijay	Vijay Velusamy
1601	Venkataramana, Raju	Raju Venkataramana
1602	Venugopalan, Vivek	Vivek Venugopalan
1603	Veras, Richard M.	Richard Veras|Richard M. Veras
1604	Verma, Kevin	Kevin Verma
1605	Vernon, Frank	Frank Vernon
1606	Vespa, Lucas	Lucas Vespa
1607	Vesselinov, Velimir V.	Velimir V. Vesselinov
1608	Vetter, Jeffrey S.	Jeffrey Vetter|Jeffrey S. Vetter
1609	Vickery, Dan	Dan Vickery
1610	Vidali, Luis	Luis Vidali
1611	Villarreal, J.	J. Villarreal
1612	Vinskus, Michael	Michael Vinskus
1613	Vizitiu, Anamaria	Anamaria Vizitiu
1614	Voegele, Chad	Chad Voegele
1615	Voigt, Robert	Robert Voigt
1616	Volkema, Glenn	Glenn Volkema
1617	Voo, Justin	Justin Voo
1618	Voorst, Brian Van	Brian Van Voorst
1619	Vorbach, Martin	Martin Vorbach
1620	Voronenko, Yevgen	Yevgen Voronenko
1621	Vouk, Mladen	Mladen Vouk
1622	Vouras, Peter	Peter Vouras
1623	Vrancic, Aljosa	Aljosa Vrancic
1624	Vrvilo, Nick	Nick Vrvilo
1625	Waddington, Daniel	Daniel Waddington
1626	Wadell, Andrea	Andrea Wadell
1627	Wagenbreth, Gene	Gene Wagenbreth
1628	Wainwright, Ian	Ian Wainwright
1629	Walke, Richard	Richard Walke
1630	Wallach, Steve	Steve Wallach
1631	Walsh, Bob	Bob Walsh
1632	Walters, Gail	Gail Walters
1633	Walters, John Paul	John Paul Walters
1634	Wang, Bin	Bin Wang
1635	Wang, Dan	Dan Wang
1636	Wang, Gongyu	Gongyu Wang
1637	Wang, Teng	Teng Wang
1638	Wang, Wei	Wei Wang
1639	Wang, Xiao	Xiao Wang
1640	Wang, Xiaojun	Xiaojun Wang
1641	Wang, Zeke	Zeke Wang
1642	Ward, H. Lee	H. Lee Ward
1643	Ward, Lee	Lee Ward
1644	Waring, Christopher A.	Christopher A. Waring
1645	Wasson, Paul	Paul Wasson
1646	Watts, Michael	Michael Watts
1647	Weale, Timothy	Timothy Weale
1648	Webber, Andrew	Andrew Webber
1649	Wei, Ming	Ming Wei
1650	Weinberg, Leonard	Leonard Weinberg
1651	Weinberg, Zack	Zack Weinberg
1652	Weinert, Andrew	Andrew Weinert
1653	Weiss, Geoffrey	Geoffrey Weiss
1654	Wells, Jenny	Jenny Wells
1655	Wen, Ke	Ke Wen
1656	Wentzlaff, David	David Wentzlaff
1657	Wenzel, Lothar	Lothar Wenzel
1658	Whaley, Greg	Greg Whaley
1659	Whang, Sungseob	Sungseob Whang
1660	Whelihan, David	D. Whelihan|David Whelihan
1661	Whitaker, Bill	Bill Whitaker
1662	White, Andrew	Andrew White
1663	White, Jason	Jason White
1664	Whitney, Erich	Erich Whitney
1665	Wickramaarachchi, Charith	Charith Wickramaarachchi
1666	Will, Jeffrey	Jeffrey Will
1667	Wille, Robert	Robert Wille
1668	Williams, Jason	Jason Williams
1669	Wills, Jeff	Jeff Wills
1670	Wilson, Alyson	Alyson Wilson
1671	Winter, Martin	Martin Winter
1672	Wittenberg, David K.	David K. Wittenberg
1673	Wlodarczyk, Tomasz	Tomasz Wlodarczyk
1674	Wohlford, David	David Wohlford
1675	Wolf, Michael M.	Michael M. Wolf
1676	Wolf, Wayne	Wayne Wolf
1677	Wong, Edmund	Edmund Wong
1678	Wong, Henry	Henry Wong
1679	Wong, Weng-Fai	Weng-Fai Wong
1680	Woo, Dong Hyuk	Dong Hyuk Woo
1681	Wu, Qing	Qing Wu
1682	Wu, Shang-Che	Shang-Che Wu
1683	Wu, Wenhao	Wenhao Wu
1684	Wulf, Nicholas	Nicholas Wulf
1685	Wunderlich, Roland	Roland Wunderlich
1686	Xie, Bingqian	Bingqian Xie
1687	Xiong, Jinjun	Jinjun Xiong
1688	Xu, Hao	Hao Xu
1689	Yablonski, Devon	Devon Yablonski
1690	Yakoubov, Sophia	Sophia Yakoubov
1691	Yamazaki, Ichitaro	Ichitaro Yamazaki
1692	Yang, Carl	Carl Yang
1693	Yang, Chen	Chen Yang
1694	Yang, J. Joshua	J. Joshua Yang
1695	Yang, Yi-Hua E.	Yi-Hua E. Yang
1696	Yang, Zhengyu	Zhengyu Yang
1697	YarKhan, Asim	Asim YarKhan
1698	Yee, Charles	Charles Yee|Chuck Yee
1699	Yerukhimovich, Arkady	Arkady Yerukhimovich
1700	Yi, Hong	Hong Yi
1701	Yoo, Andrew	Andrew Yoo
1702	Yoon, Peter	Peter Yoon
1703	York, Daniel	Daniel York
1704	Yost, George	George Yost
1705	Young, Derek	Derek Young
1706	Young, Jeffrey	Jeffrey Young
1707	Young, Ralph	Ralph Young
1708	Young, Seth	Seth Young
1709	Yu, Feng	Feng Yu
1710	Yu, Hengyong	Hengyong Yu
1711	Yu, Katherine	Katherine Yu
1712	Yu, Qian	Qian Yu
1713	Yu, Tamara	Tamara Yu
1714	Yu, Wei	Wei Yu
1715	Yu, Xiangyao	Xiangyao Yu
1716	Yuan, Hong	Hong Yuan
1717	Zalewski, Marcin	Marcin Zalewski
1718	Zarringhalam, Kourosh	Kourosh Zarringhalam
1719	Zayer, Rhaleb	Rhaleb Zayer
1720	Zdonik, Stan	Stan Zdonik
1721	Zeng, Hanqing	Hanqing Zeng
1722	Zhang, Fan	Fan Zhang
1723	Zhang, Hansen	Hansen Zhang
1724	Zhang, Huakai	Huakai Zhang
1725	Zhang, Jialing	Jialing Zhang
1726	Zhang, Nanxiong	Nanxiong Zhang
1727	Zhang, Tiansheng	Tiansheng Zhang
1728	Zhang, Wei	Wei Zhang
1729	Zhang, Yuanrui	Yuanrui Zhang
1730	Zhao, Jin	Jin Zhao
1731	Zhao, Lei	Lei Zhao
1732	Zhao, Zhihong	Zhihong Zhao
1733	Zhou, Boyou	Boyou Zhou
1734	Zhou, Shijie	Shijie Zhou
1735	Zhu, Qiuling	Qiuling Zhu
1736	Zhu, Sichao	Sichao Zhu
1737	Zhu, Zhaozhong	Zhaozhong Zhu
1738	Zhuo, Ling	Ling Zhuo
1739	Zhuzhunashvili, David	David Zhuzhunashvili
1740	Zima, Hans	Hans Zima
1741	Zortman, William	William Zortman
1742	Zulaica, Dan	Dan Zulaica
1743	Zumsteg, Phil	Phil Zumsteg
1744	da_Silva, Rafael Ferreira	Rafael Ferreira da_Silva
1745	de_Dinechin, Benoit Dupont	Benoit Dupont de_Dinechin
1746	de_Massas, Pierre Guironnet	Pierre Guironnet de_Massas
